headlines,date,source
"NTPC Green Energy Inks Rs 80,000 Cr MoU With Maharashtra Govt for Green Hydrogen ",2024-01-31 10:52:54+00:00,Adda247
"Maharashtra Spearheads Green Energy Revolution with ₹2,76300 Crore Investment and 63900 Jobs in Green ... ",2024-02-02 12:49:24+00:00,SolarQuarter
‘Gujarat can lead world in green hydrogen’ ,2024-02-02 03:01:00+00:00,Times of India
India Launches Pilot Projects for Green Hydrogen in Maritime Sector under National Mission ,2024-02-02 10:00:49+00:00,SolarQuarter
"Budget 2024: Rooftop solar, green hydrogen push — experts discuss initiatives to charge up renewable energy sector | Mint ",2024-02-02 12:50:00+00:00,Mint
"Rs 11,500 crore outlay: Budget 2024 adds spark to wind & solar energy, green hydrogen projects ",2024-02-01 13:17:21+00:00,Business Today
"Reliance Industries to convert its 5,000 ICE trucks to green hydrogen",2024-02-03 13:12:40+00:00,Autocar Professional
Chinese electrolyser companies secure export orders for green hydrogen projects in Middle East and Asia ,2024-02-02 12:51:00+00:00,Hydrogen Insight
Hygenco to invest $2.5 bn over 3 years to set up Green Hydrogen projects in India ,2024-01-31 12:22:06+00:00,ETEnergyWorld
"The Hydrogen Stream: Airbus, Vattenfall to assess potential for airport hydrogen ",2024-02-02 16:50:38+00:00,pv magazine International
Support for Ports and Portability to Green Hydrogen ,2024-02-03 03:38:07+00:00,ETAuto
Green Hydrogen Revolution in Indian Steel: National Mission Unleashes Promising Pilot Initiatives ,2024-02-03 05:29:53+00:00,SolarQuarter
Disinvestment,2024-02-03 09:42:33+00:00,PSU Watch
Government Issues Pilot Project Guidelines For Utilizing Green Hydrogen In Steel Sector ,2024-02-03 17:07:46+00:00,Khabar India
India Launches Green Hydrogen Pilot Projects in Shipping Sector ,2024-02-03 08:32:45+00:00,Energetica India
Government issues Guidelines for Pilot Projects for utilizing Green Hydrogen in Shipping Sector ,2024-02-03 06:33:12+00:00,Nagaland Tribune
MNRE issues guidelines for pilot projects implementing Green Hydrogen in steel sector ,2024-02-02 17:51:25+00:00,CNBCTV18
Green Hydrogen Mission gets whopping 102% hike in allocation in Interim Budget ,2024-02-01 15:38:12+00:00,The Economic Times
"SAF, Green Hydrogen, CCUS likely to be in spotlight at IEW 2024: EIL CMD ",2024-02-03 16:54:39+00:00,PSU Watch
Government of India Unveils Guidelines for Green Hydrogen Pilot Projects in Steel Sector ,2024-02-03 07:47:00+00:00,Energetica India
"Lhyfe to Start Construction of 10 MW Green Hydrogen Plant in Brake, Germany ",2024-02-03 06:51:49+00:00,Energetica India
Budget 2024: Green hydrogen’s allocation rises by whopping 102 per cent ,2024-02-02 01:30:00+00:00,ETEnergyWorld
"Jakson Green, NTPC Commence Work on World's Largest Green Hydrogen Fueling Station ",2024-02-03 06:32:00+00:00,Energetica India
'Gujarat can lead world in green hydrogen' ,2024-02-02 02:30:00+00:00,Times of India
"NTPC Green Energy inks MoU with Maharashtra Govt for green hydrogen projects Worth ₹80,000 crore ",2024-01-30 08:10:07+00:00,ETEnergyWorld
State signs MoUs for green hydrogen projects and steel plant ,2024-01-30 02:38:04+00:00,Hindustan Times
MNRE releases guidelines on use of green hydrogen in shipping sector ,2024-02-02 16:51:47+00:00,Business Standard
Steel and Port Ministries issue guidelines to incentivise hydrogen usage ,2024-02-02 16:50:05+00:00,BusinessLine
Centre issues Pilot Project Guidelines for utilizing Green Hydrogen in Steel Sector ,2024-02-03 03:48:27+00:00,Jharkhand State News
"THDC Unveils Trailblazing Green Hydrogen Pilot Project in Uttarakhand, Pioneering Sustainable Energy Solutions ",2024-02-02 11:06:23+00:00,SolarQuarter
Jordan's Energy Minister Inks MoU For Green Hydrogen Project Feasibility Studies ,2024-02-02 08:51:34+00:00,SolarQuarter
"ReNew proposes to invest Rs 26,400 crore for green hydrogen project in Kerala ",2024-01-29 01:43:42+00:00,ETEnergyWorld
India's Plans to Achieve Cost,2024-01-26 06:12:20+00:00,India Briefing
Government Launches Pilot Projects Using Green Hydrogen in Shipping ,2024-02-02 13:02:33+00:00,Mercom India
"Rooftop solar, green hydrogen, offshore wind, green energy corridor may find mention in FM's Budget speech ",2024-01-31 19:31:44+00:00,Moneycontrol
"Budget boost for clean energy: Solar allocation soars to ₹8,500 cr; green hydrogen funding doubles ",2024-02-02 02:48:43+00:00,ETEnergyWorld
Gujarat ready to emerge as global leader in green hydrogen production Guv Devvrat in Assembly ,2024-02-01 13:34:09+00:00,The Week
MNRE Issues Guidelines for Pilot Projects for Utilizing Green Hydrogen in the Shipping & Steel Sector ,2024-02-03 11:32:47+00:00,AffairsCloud.com
Semarak RE And PowerChina Join Forces For Malaysia's First Large,2024-02-02 08:30:38+00:00,SolarQuarter
The Hydrogen Stream: India's Maharashtra signs MoUs for green hydrogen projects worth over $33.2 billion ,2024-01-30 05:56:22+00:00,pv magazine India
Govt to provide 50% financial aid to pilot projects using Green Hydrogen in steel sector ,2024-02-02 16:10:57+00:00,PSU Watch
Egypt launches 55% tax credit to boost green hydrogen production ,2024-02-02 11:07:29+00:00,ETN News
NGEL Inks MoU with Maharashtra for Green Hydrogen Projects ,2024-01-31 11:03:46+00:00,SMEStreet
NTPC Green Energy Limited Enters Agreement with Maharashtra Government for Green Hydrogen Development ,2024-01-31 03:53:17+00:00,SolarQuarter
"NTPC arm, Maharashtra govt ink pact to develop green hydrogen projects ",2024-01-30 08:14:54+00:00,Business Standard
Lhyfe begins construction of 10 MW green hydrogen plant in Lower Saxony ,2024-02-02 02:57:05+00:00,ETN News
Lhyfe Commences Construction on 10,2024-02-02 09:58:11+00:00,ChemAnalyst
Electrolyzer Technologies That Can Drive Green Hydrogen Success ,2024-02-01 13:08:18+00:00,EE Times Europe
"NTPC Green Energy to invest ₹80,000 cr for Maharashtra projects | Mint ",2024-01-30 12:43:07+00:00,Mint
THDC Reveals Innovative Green Hydrogen Pilot Project ,2024-02-01 07:11:59+00:00,Machine Maker
Govt unveils guidelines for supporting pilot projects using Green Hydrogen in shipping sector ,2024-02-02 17:10:12+00:00,PSU Watch
NTPC arm signs MoU for INR 80000 crore green hydrogen to ammonia project ,2024-01-30 16:03:47+00:00,pv magazine India
Linde Commences Delivery of Green Hydrogen and Captured Carbon Dioxide to Celanese ,2024-02-01 14:02:32+00:00,ChemAnalyst
Govt issues guidelines for pilot projects on utilizing green hydrogen in shipping sector ,2024-02-02 17:07:00+00:00,ANI News
H2V to Integrate Vallourec’s Hydrogen Storage System into Green Hydrogen Projects ,2024-02-02 12:20:55+00:00,Energetica India
Hygenco To Allocate $2.5 Bn To Set Up Green Hydrogen Projects ,2024-02-01 08:33:35+00:00,Machine Maker
"ONEE, Nareva, and GE Vernova Forge Partnership to Decarbonize Laâyoune Power Plant with Africa's First Green ... ",2024-02-01 12:38:32+00:00,SolarQuarter
Germany and EU Invest Over €1 Billion to Propel Global Green Hydrogen Economy ,2024-02-02 11:53:17+00:00,SolarQuarter
34 Companies Bid for Green Hydrogen Subsidies in India ,2023-12-21 08:00:00+00:00,India Briefing
Lhyfe Starts Building a New Green Hydrogen Production Plant in Germany ,2024-02-02 08:00:00+00:00,DirectIndustry e-Magazine
Green Hydrogen Market 2023 to 2032 ,2024-01-31 06:36:32+00:00,TimesTech
Chart: Which countries are leading the green hydrogen race? ,2024-02-02 08:30:00+00:00,Canary Media
Green hydrogen in transport: RK Singh chairs crucial meeting for national mission ,2024-01-26 03:23:27+00:00,ETEnergyWorld
Lhyfe begins building green hydrogen plant in Germany ,2024-02-01 12:03:14+00:00,Energy Global
Lhyfe to build green hydrogen plant in northern Germany ,2024-02-01 16:10:31+00:00,ChemEngOnline
Green Hydrogen in Shipping: India Unveils Pilot Projects with 115 Crore Budget ,2024-02-02 14:48:20+00:00,Goodreturns
Indian Government Explores Green Hydrogen for Transport: Advancing Sustainable Solutions and Decarbonization ,2024-01-29 06:37:54+00:00,SolarQuarter
Baker Hughes signs MoU with 10.8GW green hydrogen project developer ,2024-01-31 14:17:02+00:00,H2 View
Making green hydrogen from coke cans ,2024-01-26 08:00:00+00:00,BusinessLine
Office of Alumni & Corporate Relations ,2024-01-30 10:31:58+00:00,Office of Alumni & Corporate Relations
"BASF, Envision Energy to produce e",2024-02-01 10:32:47+00:00,Offshore Energy
University of St Andrews secures £2 million grant for Green Hydrogen Accelerator ,2024-02-01 10:59:26+00:00,Open Access Government
Lhyfe breaks ground on 10,2024-02-01 10:45:00+00:00,Renewables Now
Gujarat to have capacity to produce 40 lakh MT green hydrogen yearly: Governor ,2024-02-01 14:07:33+00:00,DeshGujarat
Enagas CEO: Spain can produce 2.5 mln tons/yr of green hydrogen by 2030 ,2024-01-31 10:31:00+00:00,Reuters.com
The greenwashing trap: how green hydrogen can keep its promises ,2024-01-31 20:23:55+00:00,Power Technology
Gujarat ready to emerge as global leader in green hydrogen production: Guv Devvrat in Assembly ,2024-02-01 13:01:30+00:00,ThePrint
"ONEE, Nareva, & GE Vernova Partner for Africa's 1st Green Hydrogen Transition in Laâyoune ",2024-02-02 07:28:32+00:00,ChemAnalyst
"DIPAM approves listing of NTPC Green Energy to raise Rs 10,000 crore ",2024-01-31 10:40:53+00:00,Deccan Herald
MNRE launches scheme to incentivise production of green hydrogen ,2024-01-19 08:00:00+00:00,Down To Earth Magazine
"Walmart, Amazon, Home Depot set to receive Plug",2024-02-01 14:12:32+00:00,H2 View
Rystad Energy is foreseeing an acceleration in momentum within the renewable,2024-01-29 12:48:20+00:00,ChemAnalyst
NGEL signs MoU with Govt of Maharashtra for development of Green Hydrogen Projects ,2024-01-30 05:55:45+00:00,PSU Watch
"Gujarat Will Achieve 40 Lakh MT Green Hydrogen Production Capacity Yearly, Says Governor Acharya Devvrat ",2024-02-01 15:40:10+00:00,Free Press Journal
NTPC inks pact for green hydrogen project in Maharashtra ,2024-01-30 07:18:43+00:00,Investing.com India
Gujarat,2024-01-26 00:07:40+00:00,CMO Gujarat
NGEL Inks MoU with Maharashtra Government for Green Hydrogen and RE Development ,2024-01-30 08:27:03+00:00,Energetica India
"India Energy Week to focus on green hydrogen, biogas ",2024-01-29 19:30:00+00:00,The Financial Express
"Maha Govt Inks MOUs Worth Rs 2.76 lakh Cr For Green Hydrogen Production, To Create 64,000 Jobs ",2024-01-29 13:37:10+00:00,HW News English
THDC inaugurates India's largest green hydrogen pilot based on PEM fuel cell ,2024-01-29 07:49:30+00:00,ETN News
Maharashtra Govt Inks 7 MoUs for Green Hydrogen Production ,2024-01-30 05:22:46+00:00,Biltrax Media
APM Terminals Pipavav to develop green hydrogen infrastructure ,2024-01-31 19:03:09+00:00,The Maritime Standard
Maha Govt signs MoU with 7 green hydrogen producers ,2024-01-29 13:36:00+00:00,United News of India
Jakson Green to ship first green hydrogen electrolyser in few months ,2024-01-01 08:00:00+00:00,ETEnergyWorld
"NGEL, Maha Govt Sign Green Hydrogen MoU; Aim Rs 80, 000 Cr Investment ",2024-01-30 09:33:45+00:00,BW Businessworld
Fuelling The Future: Hygenco's $2.5 Billion Pledge To Transform India's Energy Landscape ,2024-02-02 07:24:00+00:00,Swarajya
Lhyfe breaks ground on 10MW green hydrogen plant in German seaport city ,2024-02-01 11:17:13+00:00,H2 View
BASF and Envision Energy to accelerate conversion of green hydrogen and CO2 into e,2024-01-30 03:03:54+00:00,Autocar Professional
Envision Energy and BASF plan to enhance green hydrogen,2024-01-31 08:33:46+00:00,H2 View
"Marco Arcelli, ACWA Power CEO, says ACWA Power is responsible for delivering ""70% of the renewable energy, new capacity"" in Saudi Arabia, alongside the PIF and Aramco.",2024-01-29 03:10:42+00:00,CNBC
"Conrad Keijzer, CEO of Clariant, discusses climate change and the focus on AI at Davos 2024.",2024-01-17 10:07:08+00:00,CNBC
"Marco Alverà, CEO of green hydrogen firm TES, makes his case for why, amid key elections, 2024 must be a year of delivering climate and sustainability goals.",2024-01-15 07:37:50+00:00,CNBC
Here are Wednesday's biggest calls on Wall Street.,2024-01-31 11:57:33+00:00,CNBC
"Despite the hydrogen stock bubble bursting, Bernstein believes the industry is well-positioned to rebound as its importance in the energy transition grows.",2023-08-11 15:18:35+00:00,CNBC
"Blending hydrogen into natural gas infrastructure will be needed to meet decarbonization goals, according to the CEO of Italgas.",2023-11-09 05:00:18+00:00,CNBC
"""The industry knows how to transport hydrogen ... it's not new, it's just expensive,"" says Murray Douglas, head of hydrogen research at Wood Mackenzie.",2023-07-04 04:20:24+00:00,CNBC
Here are Thursday's biggest calls on Wall Street.,2024-01-25 08:19:40+00:00,CNBC
The use of hydrogen in the shift to a more sustainable future has become a big talking point in recent years.,2022-11-30 08:11:51+00:00,CNBC
Construction of the first phase is slated to begin in 2025.,2022-11-15 19:02:17+00:00,CNBC
The bank initiated coverage on the stock with a buy rating and $13 price target.,2023-07-06 07:53:33+00:00,CNBC
"Peter Herweck, CEO of Schneider Electric, discusses artificial intelligence, the energy transition and green hydrogen with CNBC.",2024-01-16 02:29:42+00:00,CNBC
The European Commission wants 40 gigawatts of renewable hydrogen electrolyzers to be installed in the EU by 2030.,2022-10-12 05:24:38+00:00,CNBC
Credit Suisse says green hydrogen is about to get a boost and it's time to get in — though it urges investors to be selective.,2022-09-27 21:57:50+00:00,CNBC
A number of multinational firms have attempted to lay down a marker in the green hydrogen sector in recent years.,2022-09-16 02:52:49+00:00,CNBC
"Amazon said Plug will supply 10,950 tons of green hydrogen per year for its transportation and building operations starting in 2025.",2022-08-25 16:33:49+00:00,CNBC
"Siemens Energy and Air Liquide have announced plans to focus on the production of ""industrial scale renewable hydrogen electrolyzers in Europe.""",2022-06-24 01:16:00+00:00,CNBC
"Marco Alvera, CEO of Tree Energy Solutions, discusses e-methane and green hydrogen.",2023-05-11 02:31:08+00:00,CNBC
The planned development is located in the Pilbara region of Western Australia.,2022-06-15 07:12:17+00:00,CNBC
Indian companies are committing billions of dollars to green hydrogen projects but experts caution technology is still very new.,2022-05-02 23:47:32+00:00,CNBC
The vast majority of hydrogen generation is currently based on fossil fuels.,2022-04-26 12:02:18+00:00,CNBC
Bernstein names its top stocks to cash in on green hydrogen — and gives one potential upside of over 90%.,2022-04-05 20:36:38+00:00,CNBC
CNBC's Sustainable Future takes a look at the emerging pink hydrogen sector and the role it could play in the planet's shift to a low-carbon future.,2023-02-03 06:06:00+00:00,CNBC
"India's new hydrogen policy is set to benefit these 3 stocks, according to Goldman Sachs.",2022-02-23 18:37:17+00:00,CNBC
Over the past few years a number of major firms have undertaken projects related to green hydrogen.,2022-02-02 09:37:19+00:00,CNBC
"The investment bank said green hydrogen would be a ""key beneficiary"" of stimulus plans on both sides of the Atlantic and benefit stocks in the sector.",2023-02-09 07:50:41+00:00,CNBC
Markus Krebber made his comments during an interview with CNBC this week.,2021-12-16 10:52:00+00:00,CNBC
"There is excitement in some quarters about the potential of green hydrogen, but challenges remain.",2021-12-23 08:53:04+00:00,CNBC
"Andrés Gluski made his comments during a panel discussion at the World Economic Forum in Davos, Switzerland.",2023-01-23 19:30:44+00:00,CNBC
"Agreement will ""explore the co-development of a UAE-based green hydrogen hub.""",2021-12-07 11:31:59+00:00,CNBC
It's the latest example of how the sector is starting to attract the attention of major firms.,2021-11-01 09:06:09+00:00,CNBC
The development will be situated on the Iberian Peninsula and is set to come online in 2025 or 2026.,2021-12-03 07:47:59+00:00,CNBC
"Mark Hutchinson, CEO of Fortescue Future Industries, discusses the role of hydrogen in the energy transition, the major players in this space and the outlook for green hydrogen.",2023-02-01 09:28:20+00:00,CNBC
Christian Bruch made his comments during a discussion at CNBC's Sustainable Future Forum.,2021-10-20 07:51:05+00:00,CNBC
The firms have signed a memorandum of understanding related to the initiative.,2021-11-09 09:28:15+00:00,CNBC
Analysts at UBS have picked a host of stocks they believe to be the best positioned to capture the massive potential of green hydrogen.,2021-08-15 20:00:01+00:00,CNBC
Hydrogen has a diverse range of applications and can be deployed in sectors such as industry and transport.,2021-08-11 09:47:51+00:00,CNBC
"Hydrogen can be produced in a number of ways, including using renewable energy.",2021-06-10 03:20:49+00:00,CNBC
Hydrogen has a range of applications and can be deployed in sectors such as industry and transport.,2021-03-10 07:53:13+00:00,CNBC
"Marco Alvera, CEO of Tree Energy Solutions, talks about what's needed to ramp up the green hydrogen sector.",2022-11-01 05:17:19+00:00,CNBC
Hydrogen plays a central role in advancing the development of clean energy initiatives.,2022-08-15 17:15:12+00:00,CNBC
This week also saw two other European projects focused on green hydrogen production take shape.,2021-01-22 12:02:53+00:00,CNBC
The facility is expected to generate its first hydrogen toward the end of the year.,2021-01-20 09:46:27+00:00,CNBC
A subsidiary of German industrial giant Thyssenkrupp has been awarded an engineering contract for the project.,2021-01-24 08:40:03+00:00,CNBC
The rollout of climate policies in the coming years is expected to lead to a dramatic surge in power demand.,2021-02-11 01:38:43+00:00,CNBC
"Peter Terwiesch, president at ABB Process Automation, discusses green hydrogen and its credentials as a sustainable energy source.",2022-09-02 05:49:00+00:00,CNBC
Renewable energy will play a crucial role in the years ahead.,2020-10-13 12:05:57+00:00,CNBC
The new container ship has two engines: one moved by traditional fuels and another run with green methanol.,2023-09-25 01:30:35+00:00,CNBC
"The world is shifting to low-carbon energy and as prices for ""green hydrogen"" fall, Morgan Stanley put together a basket of companies that stand to benefit.",2022-03-29 10:24:28+00:00,CNBC
Hydrogen has a diverse range of applications and can be deployed in a wide range of industries.,2022-01-28 07:39:02+00:00,CNBC
"According to RWE, the H2opZee project will produce green hydrogen using offshore wind.",2022-02-16 09:51:33+00:00,CNBC
Hydrogen is a controversial part of decarbonization energy plans. Here's how hydrogen works and why the way it is produced matters.,2022-01-14 18:41:12+00:00,CNBC
"""Hydrogen in transport [is] expected to be deployed more widely from the latter half of the decade,"" the bank says. CNBC Pro takes a look at four stock picks.",2023-04-24 20:34:09+00:00,CNBC
"Talmon Marco took messaging start-up Viber and ride-hailing start-up Juno to acquisitions. Now, he's running a green hydrogen start-up, H2Pro.",2022-01-25 14:09:57+00:00,CNBC
"Iris Ceramica Group CEO Federica Minozzi discusses the Italian ceramics' maker partnership with Snam to power its future production with green hydrogen, and the impact of the Covid-19 pandemic on supply chain pressures.",2021-12-21 07:47:28+00:00,CNBC
"While there is excitement about potential use cases for low carbon hydrogen, hurdles remain.",2021-08-17 20:56:37+00:00,CNBC
Efforts to decarbonize the freight sector will have to be ramped up in the years ahead.,2023-04-17 03:39:31+00:00,CNBC
The IRS and the Treasury Department face a fierce fight over how a massive green hydrogen tax credit included in the IRA will be implemented.,2023-08-22 13:58:38+00:00,CNBC
"Hydrogen is ""especially promising"" as a means of cutting carbon emissions, analysts at OCBC Investment Research wrote in a recent report.",2021-08-25 19:54:51+00:00,CNBC
"The idea is for the ship, which will also have two rotor sails, to carry grain and gravel.",2021-06-24 06:49:51+00:00,CNBC
"Goldman Sachs predicts clean hydrogen will be a $1 trillion market, expressing optimism about several clean energy companies.",2023-02-01 14:00:28+00:00,CNBC
"Ulka Kelkar of World Resources Institute India says green hydrogen is needed to replace the way we use fossil fuels in industrial manufacturing. But, hydrogen in electrolysis is still in the research and development stage, so more innovation and scaling up of technologies are needed, she adds.",2021-08-10 03:53:32+00:00,CNBC
"Company claims plans would result in ""one of the world's largest renewable hydrogen plants to be linked to industrial demand.""",2021-04-16 13:31:04+00:00,CNBC
Green hydrogen has grabbed investors' attention lately as analysts see it as having massive potential amid the transition toward net-zero carbon emissions.,2021-03-09 09:29:10+00:00,CNBC
"Goldman Sachs says the ""clean hydrogen revolution"" is here. It reveals two of its buy-rated stocks to play the boom.",2023-02-19 19:15:12+00:00,CNBC
"Marco Alvera, CEO of TES-H2, talks about the company's newly announced partnership with TotalEnergies for e-natural gas.",2023-06-01 06:46:47+00:00,CNBC
Those behind the development hope it will help to catalyze the region's renewable energy sector.,2021-05-20 09:22:46+00:00,CNBC
"Berenberg analysts picked a number of stocks in the sector with ""attractive"" entry points.",2021-06-20 20:01:57+00:00,CNBC
"Green Energy stocks are sinking despite the rise of ESG investing, BTIG is bullish on hydrogen power and companies are luring workers back to the office with free food.",2021-05-28 15:01:01+00:00,CNBC
The lawmakers sought to temper expectations about the role hydrogen could play in slashing emissions and the transition to a net-zero economy.,2022-12-21 12:03:25+00:00,CNBC
"Hydrogen can help to decarbonize a range of sectors that have proved hard to clean up in the past. But first, it must overcome a number of challenges.",2020-12-04 12:06:38+00:00,CNBC
"UAE has commissioned its first green hydrogen plant in Dubai with the help of local partners and Siemens Energy, in a bid to accelerate the renewable energy push in the region. CNBC's Dan Murphy caught up with the CEO of Siemens Energy, Christian Bruch, to talk about the latest project.",2021-05-20 05:15:18+00:00,CNBC
The way we heat our homes could be on the cusp of a significant shift as technology develops.,2020-12-21 04:55:07+00:00,CNBC
"After a number of false starts, the hydrogen market is on the cusp of growing into an $11 trillion industry.",2020-09-27 11:53:06+00:00,CNBC
The report was published during the COP27 climate change summit in Egypt.,2022-11-18 03:26:41+00:00,CNBC
Rolls-Royce and easyJet said they had carried out the ground test of a jet engine that used hydrogen produced from tidal and wind power.,2022-12-02 02:25:04+00:00,CNBC
Partnership is latest example of companies looking to ramp up use of hydrogen fuel-cell technology.,2020-10-06 12:09:29+00:00,CNBC
Cement production is an energy intensive process responsible for a significant amount of emissions.,2021-02-19 09:56:02+00:00,CNBC
"Investors are underappreciating the growth potential of this hydrogen fuel cell maker, UBS says",2022-12-14 06:26:10+00:00,CNBC
"Hydrogen can help to decarbonize a range of sectors that have proved hard to clean up in the past. But first, it must overcome a number of challenges.",2021-10-27 17:35:04+00:00,CNBC
The European Marine Energy Centre is home to a number of interesting projects connected to marine energy.,2020-11-10 03:40:48+00:00,CNBC
"""We can't let perfection be the enemy of the good in this, right?"" the CEO of the World Energy Council said at a CNBC-moderated discussion.",2023-04-03 01:47:34+00:00,CNBC
Hydrogen has a diverse range of applications and can be deployed in a wide range of industries.,2022-10-26 02:46:55+00:00,CNBC
Company's move comes as the fossil fuel industry faces a number of challenges.,2020-06-15 15:58:58+00:00,CNBC
The Treasury still hasn't released guidance for how the IRA hydrogen tax credit will be implemented. Why energy and climate folks are anxiously awaiting word.,2023-10-13 12:03:39+00:00,CNBC
"According to the European Commission, public funding could unlock billions of investments from the private sector.",2022-09-21 09:05:22+00:00,CNBC
"Refilling of the hydrogen tanks will take 10 minutes, company says.",2022-07-02 03:39:36+00:00,CNBC
"Company says the facility will be ""Europe's largest renewable hydrogen plant"" when operations start in 2025.",2022-07-07 05:17:36+00:00,CNBC
Renault's idea of developing a passenger vehicle that uses hydrogen technology is not unique.,2022-05-23 02:10:07+00:00,CNBC
Hydrogen has a diverse range of applications and can be deployed in a range of industries.,2022-06-20 09:04:55+00:00,CNBC
"Toyota Motor Europe, CaetanoBus and Air Liquide have signed a memorandum of understanding.",2022-05-18 02:56:13+00:00,CNBC
Musk has a history of expressing strong opinions about hydrogen and hydrogen fuel cells.,2022-05-12 08:10:03+00:00,CNBC
"Olivier Mussat, CEO of Atome Energy, discusses its projects in the country.",2022-12-05 05:11:14+00:00,CNBC
Energy has been a top performing sector this year — and some on Wall Street think these stocks have further upside.,2022-06-07 21:51:22+00:00,CNBC
"While there is excitement in some quarters about hydrogen's potential, the vast majority of its generation is currently based on fossil fuels.",2022-02-24 04:34:23+00:00,CNBC
Hydrogen has a diverse range of applications and can be deployed in a wide range of industries.,2022-05-27 02:26:54+00:00,CNBC
JPMorgan has named its top hydrogen picks to play the clean energy trend — including three stocks it says could increase by over 100%.,2022-01-21 05:52:28+00:00,CNBC
"Analysts at Societe Generale have cut through the ""serious hype"" surrounding clean hydrogen and picked their top stocks in the sector.",2021-11-09 18:30:01+00:00,CNBC
"Toyota and Hyundai have produced hydrogen fuel cell vehicles, while smaller manufacturers such as Riversimple are also working on hydrogen-powered cars.",2021-12-30 20:03:47+00:00,CNBC
Markus Krebber's comments come as RWE details plans for the next decade backed by a gross investment of 50 billion euros.,2021-11-16 10:47:13+00:00,CNBC
"As energy demand grows, Southeast Asia turns to renewable energy to safeguard its energy security.",2023-10-16 20:05:50+00:00,CNBC
Both the energy transition and energy security have become topics of significant debate and discussion.,2022-03-28 21:05:58+00:00,CNBC
"Michele Della Vigna, commodity, equity business unit leader in EMEA at Goldman Sachs, discusses the growth potential he sees in the hydrogen market amid geopolitical tensions and the larger green transition.",2022-12-11 09:00:11+00:00,CNBC
Morgan Stanley spoke to more than 20 of its analysts to cut through the much-hyped sector with their stock picks.,2021-09-23 20:46:13+00:00,CNBC
Hydrogen has a broad range of applications and can be produced in a number of ways.,2021-07-28 20:40:04+00:00,CNBC
The idea of using waste to produce hydrogen is not unique to Australia.,2021-08-25 09:53:13+00:00,CNBC
"Marco Alverà made his remarks during an interview with ""Squawk Box Europe"".",2021-07-30 10:41:49+00:00,CNBC
"The hydrogen economy is here. There a number of companies across sectors that will be affected, offering upside opportunity for investors.",2021-06-06 08:52:34+00:00,CNBC
"The bank's analysts picked a slew of stocks providing investors with a way to cash in on a ""significant"" investment opportunity.",2021-10-10 19:20:32+00:00,CNBC
Announcement builds upon existing relationship between the two companies.,2021-05-27 08:40:16+00:00,CNBC
"If approved, the facility could start supplying the commercial market before the year 2023.",2021-04-14 09:32:09+00:00,CNBC
Decarbonizing a broad range of sectors and industrial processes will be crucial in the years ahead.,2021-08-17 20:57:26+00:00,CNBC
"The ""Mad Money"" host spoke with Plug Power CEO Andy Marsh on Tuesday's episode of the show.",2022-04-19 19:07:01+00:00,CNBC
The companies have made an application for funding from the EU Innovation Fund.,2020-11-10 08:42:09+00:00,CNBC
Hydrogen has a diverse range of applications and can be deployed in sectors such as industry and transport.,2021-03-16 13:02:10+00:00,CNBC
These are the stocks posting the largest moves before the bell.,2023-11-16 08:03:04+00:00,CNBC
"Cummins Chairman and CEO Tom Linebarger appeared on Wednesday's episode of ""Mad Money,"" discussing the company's ambitions around hydrogen technologies.",2021-08-18 18:56:17+00:00,CNBC
The project is part of a wider effort to decarbonize the U.K.,2021-02-16 10:34:33+00:00,CNBC
BP is one of many firms looking to develop projects connected to hydrogen production.,2021-03-18 07:56:01+00:00,CNBC
"Applauding Democratic victories in the Georgia runoffs, Plug Power CEO Andrew Marsh sees greener pastures for hydrogen fuel under a President Joe Biden.",2021-01-07 19:04:24+00:00,CNBC
The sector's potential was a hot topic at the recent ADIPEC oil and gas conference.,2023-10-25 02:46:53+00:00,CNBC
Fund managers and analysts share their top picks for the coming year across a range of sectors.,2021-12-22 22:30:01+00:00,CNBC
Bank of America picked multiple European stocks to trade the trend of climate change mitigation that it says will soon be worth more than $2 trillion.,2021-08-02 22:30:01+00:00,CNBC
"Ecojet flights in the U.K. will begin in 2024. Trips to mainland Europe will follow, and long-haul journeys are also in the works.",2023-07-18 05:11:10+00:00,CNBC
"Amy Chua, President of SLB Asia, says that it might be ""beyond this decade"" for green hydrogen to be commercially available in Asia.",2023-09-06 23:24:15+00:00,CNBC
"China is becoming a top player in electric vehicles and renewable energy. These stocks are set to benefit from the green energy boom, according to JPMorgan.",2021-06-27 22:30:01+00:00,CNBC
Production at the facility could begin in 2026.,2020-07-02 14:12:43+00:00,CNBC
"Interest in ""green hydrogen"" has started to increase in recent years.",2020-11-26 05:30:54+00:00,CNBC
The train will be used in southern areas of Lower Austria.,2020-09-14 13:55:01+00:00,CNBC
"Lal Karsanbhai, the president and CEO of Emerson Electric, appeared on Monday's episode of ""Mad Money"" after the industrial conglomerate announced a plan to merge two of its software businesses with Aspen Technology.",2021-10-11 19:08:38+00:00,CNBC
"JPMorgan said investors should take advantage of Plug Power's recent dip, with the company poised to benefit as a first-mover in the growing hydrogen economy.",2021-03-01 16:10:12+00:00,CNBC
"""Mad Money"" host Jim Cramer explained why he is bullish on Cummins and Linde as a way invest in the future of clean energy.",2020-12-01 13:36:27+00:00,CNBC
"""Over the next 10 to 20 years, I expect hydrogen to take major market share in transportation,"" the ""Mad Money"" host said.",2020-10-09 22:45:29+00:00,CNBC
"""If you want to speculate on a sexy long-term story, I'm bullish on hydrogen,"" the ""Mad Money"" host said.",2020-10-09 23:12:24+00:00,CNBC
Gunung Raja Paksi shares more about its partnership with Fortescue Future Industries for green hydrogen and green ammonia in the steel production process.,2023-08-17 10:07:56+00:00,CNBC
Europe is home to a large and mature offshore wind sector.,2020-07-30 13:19:39+00:00,CNBC
"""This story could take years or even decades to fully play out, but the thesis is correct and green hydrogen does represent the future,"" the ""Mad Money"" host said.",2020-10-09 23:11:26+00:00,CNBC
"After a year of extreme wildfires harming his constituents and the California economy, Newsom has said that he views pollution and climate change as an emergency.",2021-01-06 17:33:18+00:00,CNBC
The firm has stocks to watch as green energy becomes more popular.,2023-07-20 13:42:50+00:00,CNBC
"The European Commission presented its ""Sustainable and Smart Mobility Strategy"" on Wednesday.",2020-12-10 07:35:30+00:00,CNBC
"With the development of new technology, the way construction sites operate is changing.",2020-09-03 14:33:57+00:00,CNBC
SNAM CEO Marco Alverà discusses Europe's green recovery and the potential of hydrogen as a clean energy source at the European House - Ambrosetti Forum.,2020-09-07 10:22:41+00:00,CNBC
CNBC's Dan Murphy speaks to the CEO of Siemens Energy about its push toward renewable energy in a region largely dependent on fossil fuels.,2021-05-20 05:10:19+00:00,CNBC
Hydrogen was used instead of liquefied petroleum gas.,2020-05-01 08:53:46+00:00,CNBC
Hydrogen could have a significant role to play in the world's future energy mix.,2020-02-18 09:23:34+00:00,CNBC
"Goldman described one of the stocks as a ""top pick"" and expects it to soar by more than 30% over the next 12 months.",2023-07-26 02:55:07+00:00,CNBC
"Marco Alverà, CEO at SNAM, discusses the Italian's company's plans around energy transition.",2021-03-18 09:07:06+00:00,CNBC
"Companies are announcing targets to hit 100% renewable power, but they'll need help. Raymond James highlights several stocks directly exposed to this theme.",2021-04-27 11:21:06+00:00,CNBC
"AllianceBernstein analysts expect India to give ""one of the highest returns among key markets throughout the world for the next several years.""",2023-10-12 23:39:27+00:00,CNBC
"Tesla and a growing list of competitors in the electric vehicle market dominate debate over the future of cars and recharging networks, but there's another kind of green transportation making inroads, based on the most abundant resource in the universe: hydrogen fuel cells.",2019-02-24 18:31:46+00:00,CNBC
"Plug Power CEO Andrew Marsh joined Jim Cramer on ""Mad Money"" to discuss the company's $1.5 billion fuel cell production deal with SK Group in South Korea and the impact he expects the Georgia Senate runoffs will have on the renewable energy space.",2021-01-07 18:51:41+00:00,CNBC
Christian Bruch discuss the outlook for the energy markets and the renewed push for sustainable solutions.,2020-10-19 08:42:37+00:00,CNBC
Going green can help you trim your tax bill for 2020. Here are the credits you should know about.,2020-12-15 08:01:32+00:00,CNBC
"Irish chemical company Linde CEO Steve Angel joined Jim Cramer on ""Mad Money"" to offer insight into the state of the industrial gas industry.",2020-08-19 23:04:14+00:00,CNBC
HS2 is a major high-speed rail project linking London to other big cities in England.,2020-07-07 12:20:53+00:00,CNBC
Efforts are being made to make transport in California greener.,2018-11-08 07:21:16+00:00,CNBC
"Sustainable Energy takes a look at hydrogen's properties, applications and the role it might have in the years ahead.",2017-10-13 07:27:29+00:00,CNBC
Drivers with green plates could get benefits including cheaper parking.,2019-10-22 07:35:46+00:00,CNBC
Researchers have developed a solar paint capable of absorbing water vapor and splitting it to produce hydrogen.,2017-06-28 12:05:13+00:00,CNBC
A Scottish city is home to what is claimed to be Europe's largest fleet of hydrogen fuel cell buses.,2017-10-20 08:46:28+00:00,CNBC
"Tesla Megapack battery storage, solar panels and hydrogen fuel cells are key to a Panasonic site in Japan testing 100% renewable energy-powered factories.",2022-12-12 01:14:36+00:00,CNBC
A Scottish city is home to what is claimed to be Europe's largest fleet of hydrogen fuel cell buses.,2017-10-20 09:49:38+00:00,CNBC
"Jim Cramer says the ""animal spirits"" of investors are helping push stocks higher Tuesday.",2023-01-31 15:08:58+00:00,CNBC
Marco Alvera made his comments during a recent interview with CNBC.,2022-11-01 05:50:05+00:00,CNBC
Rama Variankaval is a top climate deal-maker at JPMorgan Chase. He talks to CNBC about how and why decarbonization became what he calls a megatrend.,2023-08-22 14:32:05+00:00,CNBC
A tax credit tucked into the Inflation Reduction Act has the potential to make the cost of clean hydrogen comparable to that of conventional hydrogen.,2022-09-09 15:13:43+00:00,CNBC
"Morgan Stanley highlighted a ""rate of change"" metric that gauges how much of an improvement a company is making on environmental, social and governance issues.",2023-02-19 08:23:12+00:00,CNBC
"Swiss bank UBS has named multiple stocks it likes on a ""key investment ideas"" list.",2023-07-18 20:20:25+00:00,CNBC
These are the stocks posting the largest moves in midday trading.,2024-01-31 16:10:37+00:00,CNBC
"The U.S. needs 'another energy revolution to maintain its energy cost leadership,' the Wall Street investment bank said.",2023-03-26 07:27:34+00:00,CNBC
These are the stocks posting the largest moves in early trading.,2023-07-06 07:52:48+00:00,CNBC
"Next year should be a pivotal one for clean energy companies — and certain stocks are poised to stand out in the crowd, said JPMorgan.",2022-12-15 14:23:24+00:00,CNBC
Analysts on Wednesday focused on reports from major tech companies and potential headwinds for one fintech stock.,2024-01-31 08:29:42+00:00,CNBC
The newly added company is working toward having no exposure to coal by 2025.,2023-06-27 14:09:53+00:00,CNBC
"Aramco's CEO Amin Nasser believes that the oil market fundamentals remain generally ""sound"" for the rest of the year.",2023-06-26 23:48:41+00:00,CNBC
"With Amazon, Ikea, Unilever and major movers of ocean cargo seeking ways to meet net-zero carbon goals, the oldest source of ship power, wind, may be back.",2022-08-31 02:42:26+00:00,CNBC
The Inflation Reduction Act is the latest tailwind for stocks exposed to the energy transition. Goldman Sachs believes these names should be on investors' buy list.,2022-08-17 01:24:41+00:00,CNBC
"""It was the right time for us ... we are not scared about the current market turbulences,"" CEO Paolo Dellacha told CNBC.",2022-06-29 02:08:52+00:00,CNBC
The notion of powering an internal combustion engine with hydrogen is not a new one.,2022-02-22 09:25:18+00:00,CNBC
Both credit cards offer attractive welcome bonuses and appealing travel benefits but certain features may outweigh others.,2023-10-05 13:11:19+00:00,CNBC
"Of about 100,000 stocks worldwide, those are the only two that consistently rewarded their shareholders, according to a CNBC Pro analysis.",2023-06-01 06:35:19+00:00,CNBC
"The president of the European Commission, Ursula von der Leyen, said Tuesday her institution was drafting a new law targeting the region's green industries.",2023-01-17 09:14:47+00:00,CNBC
"Power production in the U.S. will look different in 2050 than it does now, and that spells opportunities for investors, according to Wells Fargo.",2023-01-10 15:10:13+00:00,CNBC
"Maarten Wetselaar, CEO at Cepsa, discusses the EU energy crisis and the firm's plans for a green hydrogen corridor linking Spain with the Netherlands.",2022-10-12 05:20:46+00:00,CNBC
"With this being the start of ""Green Week"" here on the networks of NBC, it's only natural the guy who covers the one industry responsible for a good chunk of the world's pollution, look at the great hope for reducing emissions in automobiles: Hydrogen.",2010-08-05 15:41:29+00:00,CNBC
"If you've read this blog for long, you know how I feel about hydrogen fuel cell cars. Great potential. Limited real world possibilities right now. That said, this morning Honda gave us a glimpse into hydrogen's promise.",2010-08-05 16:58:20+00:00,CNBC
Boston Metal just scored a $120 million round.,2023-01-27 00:01:01+00:00,CNBC
Britain's opposition finance minister on Tuesday lambasted the country's business environment under the current Conservative government.,2023-05-18 01:10:47+00:00,CNBC
"CNBC takes a look at the energy transition, from the role incumbent energy providers will play, to the new start-ups looking to change the business model one.",2021-10-19 03:11:15+00:00,CNBC
Bank of America has named its top European energy stock picks as the region seeks to accelerate its pivot away from fossil fuels.,2022-03-23 19:57:25+00:00,CNBC
"Goldman Sachs says the bill is a big deal for the ""clean"" hydrogen economy — in the U.S. and beyond. Here are the top stock picks from the bank and Morningstar.",2022-08-31 20:26:27+00:00,CNBC
"Andrew Marsh, Plug Power CEO, joins 'TechCheck' to discuss Amazon's decision to buy green hydrogen from Plug Power, what it does for the company's business model and how it's viewing profitability.",2022-08-29 19:21:30+00:00,CNBC
"Jeff Marks, the Club's director of portfolio analysis, examined the impact Microsoft's strong quarterly results are having on other stocks in Wednesday's session. He also looked ahead Thursday's busy slate of Club earnings reports.",2023-04-26 15:17:30+00:00,CNBC
JPMorgan gives its top stock picks for 2022 within the transportation and fuel transformation sectors.,2021-12-18 08:15:09+00:00,CNBC
The $369 billion Inflation Reduction Act passed by Congress includes the biggest investment in U.S. history to fight climate change.,2022-08-17 10:21:54+00:00,CNBC
Here are Morgan Stanley's picks for companies with direct exposure to the Inflation Reduction Act.,2022-08-19 09:42:48+00:00,CNBC
"Toyoda, 66, is the grandson of the carmaker's founder and has served as chief executive since June 2009.",2023-01-26 19:53:16+00:00,CNBC
This offer is more than enough to book a round-trip flight to Europe or three round-trip domestic flights.,2023-08-24 13:47:23+00:00,CNBC
"Andrew Forrest of Fortescue, says the company plans to start investing with ""tens of billions of dollars"" to repurpose fossil fuel facilities into green hydrogen plants with ""permanent green energy life"", which can increase energy supply and employment.",2022-08-07 21:01:18+00:00,CNBC
"CNBC took a look at the energy transition, from the role incumbent energy providers will play, to the new start-ups that are looking to change the business model one green-step at a time.",2021-10-19 07:55:53+00:00,CNBC
"Fuel cell vehicles could account for one-third of commercial trucks in China by 2050, says JPMorgan's Elaine Wu.",2021-08-24 21:16:55+00:00,CNBC
"Morgan Stanley's top stock ideas for 2022 cover green hydrogen, renewables and more.",2021-12-21 18:39:12+00:00,CNBC
"The major averages are coming off a punishing month, but JPMorgan believes there's still value to be found in this market.",2022-05-01 09:07:45+00:00,CNBC
The shipping industry is responsible for nearly 3% of the world's emissions.,2022-07-12 01:33:21+00:00,CNBC
"The energy transition is off track to prevent the worst impact of the climate emergency, according to the head of the International Renewable Energy Agency.",2023-03-28 06:01:48+00:00,CNBC
Eleven federal agencies signed a memorandum of understanding to work together to provide new resources for the communities.,2023-04-04 08:59:00+00:00,CNBC
"Battery electric and hydrogen fuel-cell electric commercial vehicles are gaining steam, and Morgan Stanley has a list of stocks to play the theme.",2021-03-07 08:24:12+00:00,CNBC
Steel production has a significant environmental footprint.,2021-08-20 01:56:11+00:00,CNBC
The EU and India revived negotiations to forge a free trade agreement last year with the aim of completing talks by the end of 2023.,2023-02-25 08:57:57+00:00,CNBC
"The sheer number of hybrid and electric vehicles on display at the 2010 North American International Auto Show in Detroit certainly illustrates the green commitment of automakers, but other--more significant--environmental improvements will be less noticeable.",2010-03-18 02:11:50+00:00,CNBC
Jim Chanos of Kynikos Associates told the Ira Sohn Investment Conference today that he is short green energy.,2011-06-20 19:15:06+00:00,CNBC
"Amazon's $2 billion Climate Pledge Fund just announced its latest investment: Infinium, which is a start-up making electrofuels to cut emissions in the transportation sector.",2021-02-05 10:29:45+00:00,CNBC
"UBS analysts described it as a ""once-in-a-generation"" investment opportunity and said there were countless ways to play the theme.",2021-03-30 09:11:50+00:00,CNBC
"Morgan Stanley's bullish on hydrogen fuel-cell maker Plug Power, despite the stock's surge over the last month.",2021-11-01 10:25:42+00:00,CNBC
"David Katz from Matrix Asset Advisors said he'll be ""buying on the dip, not chasing the rallies."" Here are some of his favorite stock ideas.",2023-02-12 21:23:57+00:00,CNBC
"Fortescue was seeing ""really good"" demand for its lower grade iron ore after the Chinese New Year, given compressed margins at steelmakers.",2023-02-14 23:35:36+00:00,CNBC
The technology is already being deployed in a number of scenarios.,2020-04-21 14:37:36+00:00,CNBC
The investment bank's stock picks range from green hydrogen firms to electric vehicle makers.,2021-07-05 19:30:01+00:00,CNBC
The climate change summit will be held in the Scottish city of Glasgow.,2021-10-05 03:53:46+00:00,CNBC
BlackRock CEO Larry Fink says oil and gas companies are going to be an important part of the bridge to a decarbonized future. Climate leaders reject this idea.,2022-01-18 16:18:31+00:00,CNBC
"Goldman said several global energy stocks are about to take ""center stage"" as the West looks to reduce its reliance on Russian oil and gas.",2022-03-14 19:37:08+00:00,CNBC
"Executives and officials say relatively moderate inflation, high infrastructure spending and digital developments are a boon; though many challenges remain.",2024-01-09 13:29:43+00:00,CNBC
"""The budget makes the need once again to ramp up the virtuous cycle of investment and job creation,"" said Nirmala Sitharaman.",2023-02-01 02:22:16+00:00,CNBC
"The comments, from Lombard Odier's head of sustainability research, were made during a discussion at the World Economic Forum in Davos, Switzerland.",2023-01-24 05:38:01+00:00,CNBC
Governments and companies around the world are looking to reduce their environmental footprint.,2021-01-27 10:23:31+00:00,CNBC
"Sustainable design, innovation and legislation will all be important in the future.",2021-06-15 05:07:45+00:00,CNBC
Concerns about a winter fuel price shock are helping two groups of stocks - the traditional fossil fuel names and alternative energy companies.,2021-10-15 10:50:26+00:00,CNBC
Martin Daum emphasized that a number of factors were in play when it came to the costs of electric trucks.,2021-11-12 10:17:52+00:00,CNBC
"With a new year underway, there's an opportunity for investors to scoop up some names that were sold to save on taxes in 2022, according to Morgan Stanley.",2023-01-03 12:26:31+00:00,CNBC
"Storing fuel in salt caverns isn't a new, but hydrogen's growing role in decarbonization has revitalized interest in the concept.",2020-12-04 14:16:55+00:00,CNBC
"The pace of the Wall Street recovery continues to pick up and analysts said these stocks, like Dell and Dave & Buster's, are some of their best bets.",2021-04-10 09:18:41+00:00,CNBC
,2021-09-23 15:09:56+00:00,CNBC
E-fuels could allow companies like Porsche to continue producing vehicles such as the iconic 911 sports car alongside new electric models.,2022-04-07 02:18:52+00:00,CNBC
"The British government has called the strategy ""bold,"" but it has drawn ire from some quarters.",2022-04-07 07:18:28+00:00,CNBC
"Wind and solar energy capacity are predicted to grow exponentially over the next five years, allowing investors to play the transition theme with these stocks.",2022-12-18 20:01:02+00:00,CNBC
"The long-term growth outlook for decarbonizing solutions is ""second to none,"" according to Credit Suisse. Here are some stocks to buy.",2021-03-13 09:04:49+00:00,CNBC
"Energy sectors have the potential to transition toward more sustainable and renewable sources of energy, with green hydrogen being a powerful fuel that can transform the transportation sector, said Rodolfo Lacy of the Organisation for Economic Co-operation and Development.",2021-10-04 05:07:35+00:00,CNBC
"""Mad Money"" host Jim Cramer rings the lightning round bell, which means he's giving his answers to callers' stock questions at rapid speed.",2021-10-04 19:24:19+00:00,CNBC
"A number of growth opportunities for Plug Power should drive shares higher, Morgan Stanley said in a note to clients.",2020-09-28 20:07:37+00:00,CNBC
India is targeting 450 GW of renewable capacity by the year 2030.,2021-08-17 20:58:13+00:00,CNBC
"Fortescue's net profit after tax reached $10.3 billion, up 117% from a year ago, the firm said. This is the second year the firm has reported record profits.",2021-08-30 20:56:45+00:00,CNBC
"Analyst calls Thursday focused on Tesla and one of the EV maker's customers, Hertz.",2024-01-25 09:24:48+00:00,CNBC
Hydrogen technology is already being deployed in a number of scenarios.,2020-05-26 15:39:37+00:00,CNBC
Alternative energy stocks could be poised for big gains should Biden win on Election Day.,2020-10-31 08:00:57+00:00,CNBC
JPMorgan revealed its top picks for this month.,2022-01-14 13:50:49+00:00,CNBC
"Indian and Chinese stock market capitalization may grow fourfold by 2050 as Asia turns from ""laggard to leader"" in the climate transition, according to Abrdn CEO Stephen Bird.",2022-05-31 01:12:40+00:00,CNBC
Here are Wednesday's biggest calls on Wall Street.,2022-10-19 08:33:03+00:00,CNBC
"Saxo Bank's ""green transformation"" basket of stocks includes high-profile names such as Tesla.",2021-05-16 23:32:09+00:00,CNBC
Here are the biggest calls on Wall Street on Friday.,2021-05-28 08:54:09+00:00,CNBC
These are the stocks posting the largest moves in premarket trading.,2022-09-14 10:26:19+00:00,CNBC
"""Stay away from the losers,"" says a Rosenblatt Securities analyst, who recommends ""winners in the various secular battles and evolutionary battles"" in tech.",2022-09-28 20:44:07+00:00,CNBC
JPMorgan added a biotech stock to its list of best ideas for the month.,2022-10-03 14:38:34+00:00,CNBC
"The next 1,000 unicorns (companies worth more than $1 billion) will be in climate tech, Blackrock CEO Larry Fink said in Saudi Arabia on Monday.",2021-10-25 16:35:14+00:00,CNBC
"Solar stocks slip as the fate of the Build Back Better bill, which includes hundreds of billions of dollars for green initiatives, hangs in the balance.",2021-12-20 11:47:33+00:00,CNBC
"Solar stocks declined over the course of 2021, but Wall Street believes this is an industry to own for the long term.",2021-12-29 18:59:34+00:00,CNBC
Goldman Sachs and JPMorgan name their top stocks picks in a sector that's facing an overhaul.,2022-03-24 23:36:56+00:00,CNBC
"Goldman Sachs and Bank of America have identified their top energy stocks to buy, two of which are on Goldman's coveted conviction list.",2022-03-30 19:49:15+00:00,CNBC
"Several big firms, including Danish wind turbine manufacturer Vestas, are involved in the project.",2020-05-04 14:37:56+00:00,CNBC
"Singapore is investing in renewable energy and decarbonization technologies, and is considering a range of criteria for bonafide green investments.",2021-06-16 02:29:51+00:00,CNBC
Orbital Marine Power will assume role of project coordinator and lead technology developer.,2021-09-14 08:58:37+00:00,CNBC
"""We've concluded that management in our company can't create value for shareholders by going into wind and solar,"" Chevron CEO Mike Wirth told CNBC.",2021-09-16 01:50:29+00:00,CNBC
"Sesame sells the systems for anywhere from $100,000 to $300,000, or more for larger installations like a full medical clinic.",2022-07-26 14:37:00+00:00,CNBC
"Looking ahead, Morgan Stanley said investors need to be selective in the clean tech space.",2021-01-15 11:42:13+00:00,CNBC
Bill Gates has stressed the urgent need for businesses to step up and invest in emerging green technologies as the fight against climate change intensifies.,2022-05-23 03:38:44+00:00,CNBC
Traditional energy companies can play a vital role in the transition to a greener future. Here are Wells Fargo's overweight-rated top picks.,2021-06-08 13:01:47+00:00,CNBC
"The investment bank's stock picks cover renewables, autos and more.",2021-07-07 23:30:01+00:00,CNBC
The European Union has said it wants to be carbon neutral by 2050.,2022-05-20 01:16:58+00:00,CNBC
"Strong pricing power makes Air Products and Chemicals a good buy in the current environment, Atlantic Equities said.",2022-05-25 07:34:03+00:00,CNBC
Sustainable Energy takes a look at how hydrogen could change the way our vehicles are fueled.,2018-01-05 08:35:01+00:00,CNBC
"China, Japan and South Korea will spend an estimated $12.4 trillion to achieve net-zero carbon emissions in their transport systems, according to an ING report.",2021-09-20 20:33:15+00:00,CNBC
"Goldman Sachs just upgraded three stocks to ""buy"" as Europe doubles down on energy self-sufficiency.",2022-04-03 21:25:06+00:00,CNBC
"The stocks making the biggest moves in premarket trading include Netgear, Zendesk, WeWork, and more.",2022-04-19 07:57:11+00:00,CNBC
"Shares of alternative energy companies, which have outperformed the broader market of late, slumped on Wednesday as Democratic prospects in Congress faded.",2020-11-07 11:47:05+00:00,CNBC
"The bank said some South Korean stocks can benefit from Biden's policies, such as his ""green recovery"" and infrastructure investment plans.",2020-11-10 01:09:07+00:00,CNBC
"Honeywell's CEO tells CNBC's Jim Cramer that future is about controlling data, as well as  quantum computing, drones, and green hydrogen.",2020-11-10 16:48:14+00:00,CNBC
"Porsche officials said e-fuels can act like gasoline, allowing owners of current and classic vehicles a more environmentally friendly way to drive.",2020-12-02 18:13:17+00:00,CNBC
"With oil trading at the highest level since 2008, will the rapid ascent in prices spur the energy transition?",2022-03-06 09:15:34+00:00,CNBC
"The utility had adjusted earnings of $3.3 billion last year, and plans to pay a minimum dividend of $1.69 billion over the next five years to future investors.",2022-03-15 06:04:35+00:00,CNBC
The HS2 project is a huge undertaking that has been in the pipeline for many years.,2020-09-15 12:16:12+00:00,CNBC
"Jefferies' Simon Powell says a ""huge amount"" of carbon is emitted when materials like steel and aluminum are created and put together for vehicle manufacturing.",2021-05-26 21:16:00+00:00,CNBC
"Breakthrough Energy Catalyst, a fund backed by Microsoft billionaire Bill Gates, is planning to invest in clean tech projects.",2022-01-11 11:13:16+00:00,CNBC
"Around the world, projects focused on the development of more sustainable transport systems are in the works.",2020-11-06 20:11:30+00:00,CNBC
U.S. climate envoy John Kerry said the private sector can find solutions to climate change by funding the trillions needed for a global clean energy transition.,2021-12-01 16:26:49+00:00,CNBC
"Fortescue Metals Group said on Friday Elizabeth Gaines will step aside as CEO once her successor is found, as the miner moves to a diversified renewable energy.",2021-12-09 20:54:17+00:00,CNBC
"In a remote address to the General Assembly Xi described the Paris climate agreement as charting ""the course for the world to transition to green and low-carbon development.""",2020-09-23 13:33:44+00:00,CNBC
"Right now, organizations are making best-faith estimates in their decarbonization plans — but they are only estimates, Karen Fang told CNBC.",2021-10-22 15:54:21+00:00,CNBC
"""People have lost billions of dollars buying anything other than Tesla,"" CNBC's Jim Cramer said Tuesday.",2021-11-02 15:10:37+00:00,CNBC
"The U.K. is currently hosting the COP26 climate change conference, which will run from Oct. 31 to Nov. 12.",2021-11-03 11:37:33+00:00,CNBC
"""It may not be popular ... but that is the reality,"" Bernard Looney told CNBC on Monday.",2021-11-15 04:48:25+00:00,CNBC
Energy thought leaders join oil and gas executives in largely dismissing the Green New Deal as unrealistic and politically divisive at the CERAWeek by IHS Markit conference.,2019-03-12 13:52:17+00:00,CNBC
Bank of America analysts have identified a number of stocks in Europe they say are poised to benefit from almost $2 trillion worth of investment.,2020-12-03 11:47:13+00:00,CNBC
Bill Gates has raised hundreds of millions from seven U.S. firms to develop clean technologies that could play a key role in the fight against climate change.,2021-09-20 07:35:31+00:00,CNBC
Several U.S. companies on Monday built on their commitment to clean energy by joining Microsoft co-founder Bill Gates' Breakthrough Energy program.,2021-09-20 08:32:37+00:00,CNBC
Here are the biggest calls on Wall Street on Thursday.,2021-09-23 09:01:37+00:00,CNBC
Thursday's analyst calls featured an upgrade to a car rental stock and a big downgrade to an airline.,2024-01-18 08:51:32+00:00,CNBC
Solar stocks are jumping ahead of Election Day.,2020-11-02 12:24:10+00:00,CNBC
The O2 turbine weighs 680 metric tons and has a length of 74 meters.,2021-07-30 03:09:01+00:00,CNBC
"Gates's fund, run by his firm Breakthrough Energy, would spend the money over three years on initiatives to lower greenhouse gas emissions.",2021-08-12 14:55:52+00:00,CNBC
"Toyota is betting that drivers will embrace hydrogen fuel cells, a technology that runs on the energy created by an electrochemical reaction.",2014-07-17 16:25:49+00:00,CNBC
"A Green Real Deal includes increased energy efficiency across all economic sectors, a very low-carbon electricity system and the electrification of buildings, transportation and industry. Former Secretary of Energy Ernest Moniz and former Assistant Secretary for Energy Efficiency and Renewables Andy Karsner offer a vision for the future.",2019-03-11 12:34:31+00:00,CNBC
"European stocks reversed earlier losses to close higher on Monday, following jitters in global markets over a more hawkish tone from the U.S. Federal Reserve.",2021-06-21 12:07:50+00:00,CNBC
"A conversation about market moving news, including coronavirus development and Fed chair Powell's testimony.",2020-06-17 20:34:28+00:00,CNBC
Energy Secretary Jennifer Granholm emphasized the economic opportunity of the energy transition during the second day of President Biden's climate summit.,2021-04-23 09:49:45+00:00,CNBC
"European stocks made gains on Wednesday, ahead of the inauguration of President-elect Joe Biden.",2021-01-20 11:37:34+00:00,CNBC
"Under President Joe Biden, Wall Street's best analysts anticipate sweeping climate policy reversals that bring three energy names to the forefront.",2021-01-24 09:12:47+00:00,CNBC
"""Mad Money"" host Jim Cramer rings the lightning round bell, which means he's giving his answers to callers' stock questions at rapid speed.",2021-02-01 19:03:27+00:00,CNBC
"""Mad Money"" host Jim Cramer rings the lightning round bell, which means he's giving his answers to callers' stock questions at rapid speed.",2021-03-18 19:59:21+00:00,CNBC
"Honda unveiled two new additions to its Clarity lineup on Wednesday, offering more choice to customers seeking alternatives to gas-driven cars.",2017-04-12 17:09:17+00:00,CNBC
The bank highlighted 15 names that its analysts have high conviction going into earnings season.,2020-10-16 14:38:24+00:00,CNBC
"Are electric cars running out of juice again? Recent moves by Japan's two largest automakers suggest that the electric car, after more than 100 years of development and several brief revivals, still is not ready for prime time - and may never be.",2013-02-04 23:55:37+00:00,CNBC
Siemens Energy's capital market day took place on Tuesday.,2020-09-01 13:53:17+00:00,CNBC
"As the green energy transition accelerates in the U.S., we're increasingly bullish on big industrial companies that view the shift as an opportunity.",2023-11-13 12:21:44+00:00,CNBC
"Toyota will introduce its first mass-market fuel cell car next month, hoping to replicate the success of its Prius hybrid.",2014-11-19 07:19:34+00:00,CNBC
Sustainable Energy takes a look at five transport options that could help to green our cities.,2018-03-27 06:54:59+00:00,CNBC
Public transport is changing as a range of options - many of them using sustainable sources of power - become available.,2018-03-22 08:40:46+00:00,CNBC
"Getting China to increase economic pressure on North Korea is an important part of a expected long diplomatic process, says Michael Green, SVP, Asia & Japan Chair, Center for Strategic and International Studies (CSIS).",2017-09-05 01:21:27+00:00,CNBC
The engineering and software giant announced its plans to develop digital innovations in the region with two internet of things facilities in the UAE.,2018-04-16 15:16:13+00:00,CNBC
"The Philippine's crowded capital, Manila, is notorious for its traffic jams and pollution. How is innovation helping to change this?",2015-11-19 22:27:36+00:00,CNBC
"The world's automakers will make new efforts to win customers over with more environmentally friendly cars at the Frankfurt Auto Show this week as they tout new vehicles with hybrid propulsion and more advanced, cleaner engines.",2010-08-05 15:23:31+00:00,CNBC
"A trip to the steaming, bubbling badlands of Iceland proves one thing: There is hope for hydrogen.",2010-08-05 18:28:46+00:00,CNBC
General Motors Corp. said Friday it delivered a hydrogen fuel cell electric vehicle to the Environmental Protection Agency as part of a market test for the technology.,2010-08-05 17:26:04+00:00,CNBC
We spotted some big headlines on Monday as the world frantically searches for alternatives to fossil fuels. Find out how to trade them!,2010-08-05 16:58:25+00:00,CNBC
"If Copenhagen delegates want to know where the solutions to both the current climate and economic crises will come from, they need to look at the work of enterprising governors in the U.S. and Brazil.",2010-03-18 03:19:02+00:00,CNBC
"Add Carlos Ghosn to the growing list of auto executives who are not only committed to developing eco-friendly vehicles, but are actually putting major R &amp; D dollars behind the effort.  Unfortunately for Nissan, the effort will be costlier, and take more time now that the GM alliance idea is dead.",2010-08-09 14:53:14+00:00,CNBC
"The Empire State Building is one of America’s oldest skyscrapers, but it is proving that you can teach an old dog new environmental tricks.",2010-08-02 21:10:03+00:00,CNBC
"Data from Europe and China are looking up. These figures support the thesis that the U.S. recovery is a help to China, and is even trickling down to Europe, which is now showing improvement.",2013-08-08 19:20:56+00:00,CNBC
"Investment in alternative energy is surging and it’s not simply the result of the politically correct investing crowd. As energy industry executives meet in Houston at the CERA conference, venture capitalists are taking an active interest in the sector.",2007-03-06 12:54:30+00:00,CNBC
I explained the reasons we're invested in these companies during the CNBC Investing Club's December Monthly Meeting.,2023-12-20 15:14:30+00:00,CNBC
"The promise of discovering a clean, green, safe, and (due to the fact that it is fueled by the most abundant metal and gas on the planet, nickel and hydrogen) cheap renewable energy source is causing many investors and scientists to overcome their previous reluctance and enter the field.",2012-08-10 22:08:16+00:00,CNBC
Investment in alternative energy is surging and it’s not simply the result of the politically correct investing crowd. Venture capitalists are taking an active interest in the sector.,2010-08-05 16:33:42+00:00,CNBC
Wall Street analysts are saying it's a great time to invest in two of our favorite industrial-focused stocks: Honeywell and Linde.,2023-12-11 16:11:46+00:00,CNBC
Analyst calls on Wednesday include a big upgrade for this burger chain.,2023-12-06 09:17:42+00:00,CNBC
These are the stocks posting the largest moves in midday trading.,2023-12-06 16:16:03+00:00,CNBC
"The 77th International Auto Show in Geneva, Switzerland this year will no doubt be remembered by the presence of automakers exhibiting alternative powered technology.",2010-08-05 16:23:42+00:00,CNBC
A slew of stocks got positive analyst notes to start the week.,2023-11-13 09:39:23+00:00,CNBC
The Investing Club holds its Morning Meeting every weekday at 10:20 a.m. ET.,2023-10-20 11:03:28+00:00,CNBC
The U.S. government's infrastructure spending stands to boost the prospects for a number of industrials in the Club portfolio.,2023-08-11 06:00:01+00:00,CNBC
U.S. stocks are set to open lower on Tuesday as bond yields rise.,2023-10-17 09:11:08+00:00,CNBC
"Inclusive Capital recently sent a letter to Nassef Sawiris, executive chairman at OCI. The firm wants OCI’s board to seek strategic options to unlock value.",2023-04-08 09:05:09+00:00,CNBC
"Beyond the obvious clean energy beneficiaries of the climate bill, there's a handful of other stocks that stand to benefit and should be on investors' radar.",2022-08-31 14:36:20+00:00,CNBC
Scientists from MIT and Stanford came together to show how Diablo Canyon can be retrofitted to add revenue streams.,2021-12-02 13:47:38+00:00,CNBC
"The research comes ahead of the COP28 climate summit, with Dubai set to host the U.N.'s annual conference from Nov. 30 through to Dec. 12.",2023-09-04 05:30:07+00:00,CNBC
"GM sees tremendous opportunities for fuel cells in the military, commercial vehicles and other forms of transportation such as rail and maritime.",2021-06-21 07:11:54+00:00,CNBC
These are the stocks posting the largest moves in premarket trading.,2023-08-14 08:12:52+00:00,CNBC
These are the stocks posting the largest moves in midday trading.,2023-08-14 12:30:11+00:00,CNBC
"During the Investing Club's August Monthly Meeting, Jim Cramer provided his latest thinking on all 36 names in his Charitable Trust.",2023-08-17 15:10:06+00:00,CNBC
"A broader market rally Tuesday is giving a boost to cyclicals and energy, while defensives lag. And the strike down of the FTC's motion to stop Microsoft from acquiring Activision Blizzard opens possibilities of more deal making.",2023-07-11 16:17:17+00:00,CNBC
"Bank of America released a rundown of companies that stand to benefit from the historic climate bill, broken down by sector.",2023-07-19 16:22:01+00:00,CNBC
TipRanks' analyst ranking service ranks the top Wall Street firms of the past decade.,2023-06-25 08:33:36+00:00,CNBC
The largest climate package in U.S. history just passed the House. Here's what it means for clean energy stocks.,2022-08-13 09:01:56+00:00,CNBC
"The specifics of the infrastructure bill are being hammered out, but Citi believes it will pass, and firms with exposure to the energy transition will benefit.",2021-06-14 12:12:54+00:00,CNBC
"Prime Minister Boris Johnson said that as the first nation to industrialize, Britain now has a responsibility to ""set an example"" on tackling climate change.",2021-10-19 07:23:58+00:00,CNBC
"For its most recent accelerator program for climate  startups, Google picked 12 companies and they were related to A.I., EV infrastructure and data reporting.",2023-05-17 13:57:40+00:00,CNBC
"Our May update on every stock in the CNBC Investing Club portfolio from our latest ""Monthly Meeting.""",2023-05-18 08:01:00+00:00,CNBC
"Energy secretary Jacob Rees-Mogg says facility will be ""a beacon of bountiful green energy.""",2022-10-05 02:24:10+00:00,CNBC
Ubben through this trade has turned $154 million of investors' money into $1.46 billion,2020-06-27 12:47:01+00:00,CNBC
"Next year will be a stock-picker's market, and these clean energy companies hold up well on a fundamental basis, according to Oppenheimer.",2021-12-22 14:13:08+00:00,CNBC
The veteran investor has navigated both the shoals and deep water of the tech industry for more than 30 years.,2023-03-12 09:10:11+00:00,CNBC
Canada wants to be the solution to many European governments looking to rely less on China for critical raw materials.,2023-03-14 09:23:01+00:00,CNBC
The company plans to deliver 10 million fully electric vehicles by 2030.,2023-03-15 05:27:11+00:00,CNBC
"The CNBC Investing Club held the March edition of its Monthly Meeting on Tuesday, and Jim Cramer ran through all 36 stocks in the Club's portfolio.",2023-03-28 15:24:42+00:00,CNBC
"As concerns over a recession ramp up, investors may want to seek safety.",2023-04-02 08:25:39+00:00,CNBC
The crown prince of Saudi Arabia has said that the world's top oil exporter aims to reach zero-net emissions by 2060.,2021-10-23 03:54:01+00:00,CNBC
Some climate activists were aghast when the UAE named the CEO of the Abu Dhabi National Oil Company (ADNOC) as president of this year's COP 28.,2023-05-21 21:12:09+00:00,CNBC
"Environmentalists say Toyota is behind on EVs, and even opposing them. Toyota is investing in EVs, but argues many markets aren't ready for them.",2023-01-17 15:28:55+00:00,CNBC
Here are the biggest calls on Wall Street on Thursday.,2023-01-26 08:55:03+00:00,CNBC
"Jim Cramer points out as evidence that investors realize Intel's terrible quarter is an Intel problem, not an industry shift. Last year, bad news of any kind would have meant carnage on Wall Street.",2023-01-27 15:33:09+00:00,CNBC
Investors should steer clear of the showhorses in the Nasdaq in favor of the workhorses in the Dow 30.,2023-01-31 06:00:01+00:00,CNBC
"Jim and Club portfolio director Jeff Marks ran through each one of them on during our special ""Monthly Meeting,"" live from Miami.",2023-02-06 13:17:13+00:00,CNBC
Platinum prices are at a six year high as investors look to the precious metal's role in the hydrogen economy.,2021-02-14 08:20:00+00:00,CNBC
The world's foremost economic superpowers are turning their attention to climate change as the next path to commercial supremacy.,2021-04-01 08:51:41+00:00,CNBC
"The bank's analysts identified themes that investors ""cannot ignore."" Here are 11 of their favorite stock picks.",2021-10-05 02:01:04+00:00,CNBC
"Building on the success of our special report, the week commencing Monday Oct. 18 will see CNBC’s first ever “Sustainable Future Forum.",2021-10-18 08:41:33+00:00,CNBC
"Honeywell CEO Darius Adamczyk told CNBC the company is ""more and more optimistic"" about the semiconductor supply chain.",2022-03-04 15:44:27+00:00,CNBC
"The International Energy Agency, an organization with members from 31 national governments, has a plan for the EU to wean itself off Russian natural gas.",2022-03-07 20:21:38+00:00,CNBC
"With our ""Monthly Meeting"" for December now in the books, here's a look at how we misstepped in 2022 — and what we learned along the way.",2022-12-15 13:52:28+00:00,CNBC
"The Netherlands and Austria continue to cite supply and financial concerns, while analysts say the EU could quickly ditch the cap when it needs more gas.",2022-12-20 11:19:01+00:00,CNBC
Take a look back at the key elements in the historic Inflation Reduction Act that climate and clean energy advocates will be watching closely in 2023.,2022-12-30 20:06:43+00:00,CNBC
United Airlines says short-haul electric planes will be cheaper than traditional jets within a decade and that will remake regional passenger travel decisions.,2022-10-28 08:43:54+00:00,CNBC
"Apple (AAPL), Amazon (AMZN), Procter & Gamble (PG) and Honeywell (HON) were put under the microscope Tuesday.",2022-11-22 15:35:02+00:00,CNBC
"While Black Friday may be over, many retailers are still offering sales today so you can take advantage of even more savings.",2022-11-26 13:07:39+00:00,CNBC
"CNBC's ""Sustainable Energy"" takes a look at some of the world's most impressive vehicles and the innovative ways that they are fueled.",2015-08-09 18:35:27+00:00,CNBC
A new wave of aircraft are taking to the skies as the sector looks to reduce its environmental footprint.,2020-06-24 14:50:02+00:00,CNBC
HS2 is a major infrastructure project aiming to reduce travel times between London and other parts of the U.K.,2020-08-27 15:16:40+00:00,CNBC
Here are the biggest calls on Wall Street on Friday.,2021-11-19 09:24:19+00:00,CNBC
Toyota doesn't believe battery-electric vehicles are the only solution to producing more sustainable vehicles and achieving carbon neutrality.,2022-09-13 20:07:15+00:00,CNBC
"With the summer rally clearly in the rearview mirror, here's where the CNBC Investing Club stands on all the stocks in Jim Cramer's Charitable Trust portfolio.",2022-09-16 07:45:51+00:00,CNBC
The airline industry emits near one billion tons of CO2 annually and its carbon footprint is growing at a time when climate change goals require it to go down.,2022-09-25 09:53:14+00:00,CNBC
"TipRanks analyst ranking service pinpoints Wall Street's best-performing stocks, including Caterpillar & Salesforce.",2022-09-25 09:30:23+00:00,CNBC
Houston is one of the largest industrial bases in the world and is responsible for approximately 10% of greenhouse gas emissions in the U.S.,2022-10-06 13:40:58+00:00,CNBC
"""It looks like once again we are going to have divided government [next year], and with divided government, there's not a lot that the president can do,"" the ""Mad Money"" host said.",2020-11-06 19:03:48+00:00,CNBC
"The European Union is due to propose an unprecedented overhaul to its carbon market this week, seeking to put a price on shipping emissions for the first time.",2021-07-12 04:10:39+00:00,CNBC
The 27-member bloc has vowed to become carbon neutral by 2050.,2021-07-14 13:12:54+00:00,CNBC
The Club talks about Wednesday's key inflation report and provides updates on several holdings.,2022-08-10 12:29:50+00:00,CNBC
Stocks fell early Thursday on new inflation comments from Fed chief Jerome Powell.,2022-09-09 10:46:38+00:00,CNBC
ESG investing is at a pivotal moment and shifting from aspiration to action. Goldman Sachs identifies a list of stocks for a new age of sustainable investing.,2022-06-29 14:55:30+00:00,CNBC
The greening of the American oil industry has gone into overdrive.,2021-03-03 08:29:03+00:00,CNBC
"Oil and gas giant says agreement is ""subject to merger control approvals.""",2022-03-25 02:18:06+00:00,CNBC
"One of the early casualties of Russia's territorial ambitions in Ukraine was the Nord Stream 2 gas pipeline, a massive energy project that cost $11 billion.",2022-03-31 02:28:19+00:00,CNBC
"Bank of America, Deutsche Bank and Bernstein have named their top stocks for the months ahead.",2022-04-09 20:20:57+00:00,CNBC
U.S. stock futures rose slightly Tuesday despite a continued advance in bond yields.,2022-04-19 08:28:34+00:00,CNBC
These are the stocks posting the largest moves in midday trading.,2022-04-19 16:05:23+00:00,CNBC
"CNBC tests the 2018 Honda Clarity Plug-in, a car that runs on gas and electric.",2018-09-09 10:01:35+00:00,CNBC
"A ""much more electric"" future is set to give three stocks a boost, according to Goldman Sachs.",2022-02-07 18:35:05+00:00,CNBC
"The Ukraine and Russian conflict has increased the price of energy, both oil and natural gas. That will hit Europe especially hard. Here's why.",2022-02-24 18:59:56+00:00,CNBC
"As Russia continues its attack on Ukraine, Several Club names are making headlines.",2022-03-02 09:12:33+00:00,CNBC
"Glendale has proposed to spend $260 million on new natural gas generators, angering residents and environmentalists amid the state's clean energy transition.",2022-03-05 09:15:01+00:00,CNBC
"The U.S. government wants to boost offshore wind to 30 gigawatts by 2030, leading to opportunity for companies involved in the space.",2021-10-15 12:36:48+00:00,CNBC
"Matt Peterson, head of Amazon's $2 billion Climate Pledge Fund, explains how the tech giant picks its bets.",2021-11-03 09:08:33+00:00,CNBC
"It's part of Altman's three-part utopian vision, which is focused on growing abundance through technological innovation.",2021-11-07 13:07:42+00:00,CNBC
Energy industry leaders insist they're taking an active role in the so-called energy transition.,2021-11-16 05:36:53+00:00,CNBC
"The burning of fossil fuels such as coal, oil and gas, is the chief driver of the climate crisis.",2021-11-22 02:09:26+00:00,CNBC
"The future of transportation has garnered Wall Street's interest, and analysts say these are the stocks investors need to own in 2022.",2021-12-12 08:00:01+00:00,CNBC
The measure will go into effect at the end of 2023 for some buildings under seven stories and in 2027 for taller buildings.,2021-12-15 17:39:15+00:00,CNBC
Here are the biggest calls on Wall Street on Friday.,2021-12-17 12:49:53+00:00,CNBC
Here are the biggest calls on Wall Street on Thursday.,2021-07-15 10:06:08+00:00,CNBC
"New EU green proposals are set to benefit energy stocks now, according to Barclays.",2021-07-28 22:30:02+00:00,CNBC
"TipRanks analyst ranking service pinpoints Wall Street's best-performing stocks, like Plug Power & Squarespace.",2021-08-15 07:45:46+00:00,CNBC
"The Bezos, Branson and Musk space race is leading scientists to try to better understand how rocket exhaust and other elements impact the environment.",2021-08-27 20:32:02+00:00,CNBC
Here are the biggest calls on Wall Street on Friday.,2021-09-17 09:53:57+00:00,CNBC
Technology and innovation are changing the way we think about air travel and how our planes can be fueled. Sustainable Energy takes a look at how.,2016-06-23 08:35:24+00:00,CNBC
"The first-ever season of a unique, brand new motorsport, Extreme E, gets under way this weekend.",2021-04-02 05:10:12+00:00,CNBC
"The EU's benchmark carbon price surpassed 50 euros for the first time ever earlier this month, having stood at around 20 euros before the coronavirus pandemic.",2021-05-18 01:25:03+00:00,CNBC
"""The world has learned a lot from Silicon Valley,"" Greater Springfield's founder told CNBC. ""We said: that's 85 years old. Let's design the latest version.""",2021-05-24 02:43:43+00:00,CNBC
"The UAE, one of the world's largest producers of crude oil, is lobbying to host the COP28 global climate summit in Abu Dhabi in November 2023.",2021-05-25 11:17:13+00:00,CNBC
Policymakers are under immense pressure to deliver on promises made as part of the Paris Agreement.,2021-06-04 09:41:59+00:00,CNBC
Cowen just released its sixth annual list of top ideas connected to the energy transition. Here are some of the firm's top picks.,2021-06-07 11:00:24+00:00,CNBC
There are some significant hurdles to overcome if the 2030 target is to be met.,2020-11-18 07:34:10+00:00,CNBC
MP Materials CEO James Litinsky addressed confusion about the rare earth products the company provides in the electric vehicle space.,2020-12-16 20:36:26+00:00,CNBC
Congress gave taxpayers a little more certainty when they wrapped up the Covid relief bill. A basket of expiring tax provisions will remain in effect.,2021-01-04 15:25:38+00:00,CNBC
Here are the biggest calls on Wall Street on Wednesday.,2021-03-03 08:33:23+00:00,CNBC
The U.S. allows power companies to sell the carbon dioxide to oil companies. A side benefit is that the carbon gets permanently stuck underground.,2013-12-23 12:55:20+00:00,CNBC
Municipal and national authorities are looking to develop greener infrastructure.,2020-09-11 07:53:22+00:00,CNBC
The bank analysts took a deep dive and broke down how various industries and sectors will fare under four election scenarios.,2020-09-12 12:25:30+00:00,CNBC
Dealmaking activity sparked rallies in Devon Energy and Cleveland-Cliffs. Plug Power surges on an analyst upgrade.,2020-09-28 20:16:07+00:00,CNBC
"Joe Biden's energy plan focuses on R&D for clean energy, tax credits to speed spread of renewable power and electric vehicles. It is in stark contrast to President Trump's energy agenda.",2020-10-01 12:47:53+00:00,CNBC
Microsoft will replenish more water than it consumes by 2030.,2020-10-13 06:36:11+00:00,CNBC
"The sting of sky-high crude oil prices has revived interest in alternative fuels, from ethanol to hydrogen. But the path to profitable substitutes for oil and coal isn’t clear.  So far, most alternative sources depend heavily on government subsidies and probably wouldn’t exist as we know them without government mandates, but that hasn't stopped some investors.",2010-08-05 16:18:58+00:00,CNBC
Glasgow has some way to go if it is to catch up with other cities that use electric buses.,2020-01-13 10:43:41+00:00,CNBC
"General Electric Chairman and Chief Executive Jeffrey Immelt said his ""green"" ecomagination unit is on track to ""blow away"" its 2010 sales target of $20 billion as demand for environmental products and services surges.",2010-08-05 16:41:43+00:00,CNBC
"The idea of banning, or at least reducing, the use of automobiles in city centers has become an increasingly hot topic among urban planners.",2014-01-27 21:24:12+00:00,CNBC
"Opposition by some Republicans in this one energy race is helping China get ahead, warns Ralph Fuecks.",2016-01-28 18:27:28+00:00,CNBC
"With a Tesla-Solar City merger, the potential is tremendous. But it won't solve climate change in enough time, says Peter Bakker, the president of the World Council for Sustainable Development.",2016-06-29 17:09:24+00:00,CNBC
Soletair Power is working on a process it says can boost the air quality inside buildings.,2019-11-18 05:56:28+00:00,CNBC
"The $40 billion Goldman Sachs said last week it will invest in green technologies over the next 10 years, or $4 billion a year, actually represents a slowdown from last year's $4.8 billion. But you won't hear environmentalists complaining.",2012-05-29 15:47:43+00:00,CNBC
"Amazon's new Shipment Zero goal of carbon emissions-free delivery by 2030, and its plan to disclose a carbon footprint report for the first time this year, show that climate change is getting more attention from Jeff Bezos. Climate experts are encouraged but remain concerned.",2019-03-08 15:02:35+00:00,CNBC
"Garbage trucks, noxious fumes, polluted water and outraged protesters could be a greater challenge to Putin's government than pro-democracy activism, an Associate professor of government and legal studies argues in the Conversation.",2018-06-07 16:47:40+00:00,CNBC
The number of beefy vehicles on display indicates that automakers are betting that buyers want something a sexy when they get behind the wheel.,2014-01-15 21:53:28+00:00,CNBC
General Motors has begun work on a plug-in hybrid power system for its Saturn Vue SUV. GM will also offer Hummers that run on biofuel within three years.,2010-08-05 18:20:49+00:00,CNBC
"A downturn in car sales after two record years is prompting companies to scale back domestic production, particularly for smaller vehicles. NYT reports.",2017-07-05 15:13:19+00:00,CNBC
A daily look at the morning's key financial stories.,2017-09-13 13:53:44+00:00,CNBC
"Big oil companies are betting that algae, that green slime found in ponds, is a viable source of renewable energy, and they're joining academics, start-ups and the U.S. government in dedicating resources to studying its potential.",2009-06-02 13:52:14+00:00,CNBC
Sustainable Energy takes a look at how researchers in Canada are looking to clean up oil.,2016-09-22 09:59:36+00:00,CNBC
"SpaceX and Tesla boss Elon Musk's vision for the colonization of Mars is as sci-fi as you'd expect with robots, glass domes and spaceships with cool names.",2016-10-24 22:59:05+00:00,CNBC
Many players in the clean-tech sector fully expect some price bubbling – if only as validation as attractive investment area – but insist it is inherently less susceptible to the outlandishly inflated valuations witnessed during the dot.com boom-bust cycle.,2010-08-05 17:57:36+00:00,CNBC
"Illinois will be the home of a futuristic $1.8 billion power plant aimed at burning coal without emitting global warming gases.  Known as FutureGen, the plant will be watched closely by green groups, Congress and the private sector.",2010-08-05 19:57:28+00:00,CNBC
"The Japanese auto giant announces a big green initiative at the Detroit Auto Show, saying it plans to test hundreds of plug-in hybrid vehicles with fleet and commercial customers worldwide by the end of 2010.",2010-08-05 18:03:12+00:00,CNBC
"Although gas-electric hybrid sales are down 15 percent, automakers are gearing up for greater electric, fuel-cell and hybrid vehicle production.",2014-12-02 10:02:02+00:00,CNBC
Amsterdam's extensive charging infrastructure means the mass adoption of electric cars could be just around the corner.,2015-01-29 11:35:50+00:00,CNBC
"In England, one sustainable energy scheme has taken things to extremes, and started to fuel buses with food – and human – waste.",2015-02-03 10:57:21+00:00,CNBC
"The U.S. could be completely powered by renewable energy by 2050, according to a report from Stanford University.",2015-06-15 08:05:20+00:00,CNBC
"With the ability to produce electricity far beyond the requirements of its population, Iceland is looking into the possibility of laying an enormous ""extension cord"" across the ocean, which would enable them to export to the huge European market.",2013-02-21 10:35:09+00:00,CNBC
"If the U.S. disappeared tomorrow, with global warming emissions dropping to zero, annual global emissions would be back to their current level in four years. How is that possible? China.",2013-06-04 09:31:37+00:00,CNBC
"Using technology and architecture, Hamburg and Songdo are two cities striving to be sustainable and eco-friendly - what makes them so special?",2013-11-11 16:50:34+00:00,CNBC
"While many of these products remain out of reach price-wise for the majority of individuals, most can be purchased by governments or non-profit organizations.",2014-04-26 09:26:37+00:00,CNBC
,2011-04-18 12:47:16+00:00,CNBC
"Energy used to be something we took for granted; it is was cheap, accessible and plentiful. Now, energy seems precious, complicated and fractious, a chip in the high-stakes game of geopolitics.",2011-06-14 17:10:58+00:00,CNBC
"For centuries, humans have valued precious metals and gemstones, both for their aesthetic value and real world utility. They’re also coveted because of their relative scarcity on Earth. Despite the rarity of these elements on our planet, there are places in the known universe where these stones and jewels are considerably more abundant.",2013-02-15 10:33:50+00:00,CNBC
"While the commercialization of nuclear fusion takes baby steps into its fourth decade, the next-generation of fission plants could be supplying power within a few years.",2012-04-23 17:36:54+00:00,CNBC
For centuries navies used wind as renewable energy. Now the U.S. Navy is investigating another potentially limitless fuel source to produce JP-5 jet fuel – seawater.,2012-10-10 13:07:35+00:00,CNBC
"U.S. President Barack Obama told the Environmental Protection Agency Monday to reconsider California's request to regulate greenhouse gas emissions from cars, reversing the climate policies of former President George W. Bush.",2010-08-05 15:34:21+00:00,CNBC
"Schwarzenegger has come to personify what many in the domestic auto industry can't stand. He is unabashed in his belief auto makers can and should make cleaner, more fuel efficient vehicles.",2010-08-05 15:51:34+00:00,CNBC
"The federal stimulus bill has allocated $3.4 billion for clean coal technologies, and companies are lining up with projects.",2010-08-05 15:53:32+00:00,CNBC
"With demand for gasoline, and the ethanol that goes into it, expected to rise, oil companies are trying to benefit.",2010-08-05 15:00:13+00:00,CNBC
"Peter Kenny, managing director of Knight Equities and Brian Kelly, president of Kanundrum Research weighed in on the best places to invest now.",2010-08-03 15:39:05+00:00,CNBC
Many economists argue that manufacturing is crucial to long-term economic stability. But is there anything left for America to manufacture? The answer is yes—if we focus on products for the growing low-carbon economy.,2010-03-18 01:58:15+00:00,CNBC
,2010-03-18 02:41:58+00:00,CNBC
"President Obama’s recent public support of clean coal and his waning interest in cap-and-trade legislation may not be enough to save the American coal industry from a perfect storm of competitive technology, stricter regulation and growing obsolescence.",2010-03-17 04:24:04+00:00,CNBC
"From cutting-edge technology to ancient ingenuity, take our quiz to find out how much you know about alternative energy.",2010-04-21 19:22:21+00:00,CNBC
A water cleaning plant and a state's solar incentive program show how cleaner solutions can have a serious impact on the economy and environment.,2010-07-12 13:49:36+00:00,CNBC
"The Zayed Future Energy Prize, which will be awarded later this month, is remarkable for two reasons: It is sponsored by an oil-rich government in the Middle East; and the six finalists in 2011 include this author.",2011-01-03 15:02:57+00:00,CNBC
"General Motors said Tuesday it will hire 1,000 additional engineers and researchers in the Detroit area as it moves toward the next generation of electric vehicle technology.",2010-11-30 22:51:27+00:00,CNBC
"With gasoline prices at $4 a gallon, it's clear we should double down on our oil war strategy, but this time go after reserves that aren’t so far away—Canada.",2011-02-28 13:19:29+00:00,CNBC
Canada's Ballard Power Systems said Monday it is in negotiations with German car and truck maker Daimler as well as Ford Motor regarding its automotive fuel cell business.,2010-08-05 15:41:41+00:00,CNBC
"As big as it is, the energy industry has a wealth of  organizations to promote its interests and educate the public.  Here's a sampling.",2010-08-05 16:54:00+00:00,CNBC
Over the last two weeks I've been inundated with e-mails from readers venting about the latest round of cutbacks Detroit's automakers have announced. What's surprised me the most has been the wide range of reasons why you think the Big 3 are in big trouble.,2010-08-05 16:58:41+00:00,CNBC
